fold,test_accuracy,test_loss,val_accuracy
1,90.99006056785583,0.26063936948776245,93.92684698104858
2,92.89560914039612,0.19096678495407104,92.68460869789124
3,93.1441605091095,0.17621396481990814,93.3747410774231
